row_id,age,income,tenure_years,region,channel,annual_spend
row-20000,19.0,18459.151617177013,12.0,north,web,96.7580988350608
row-20001,57.0,35328.748737645525,14.0,east,partner,168.60893063586653
row-20002,57.0,32857.95277835609,4.0,west,web,132.9934511826555
row-20003,29.0,56455.38853869351,5.0,east,web,156.62868601664132
row-20004,61.0,32047.191474686482,16.0,south,store,161.11651480231453
row-20005,29.0,25808.56788428828,7.0,south,web,102.28946937547933
row-20006,31.0,27923.58266781932,4.0,east,web,105.20392600517087
row-20007,65.0,58959.77807578776,17.0,east,partner,213.74984841790402
row-20008,74.0,43271.29352566299,8.0,east,web,176.37982867706023
row-20009,34.0,,17.0,north,web,164.9045373810671
row-20010,71.0,31278.695931317092,16.0,east,web,176.15147946797111
row-20011,71.0,17886.215689432775,16.0,east,partner,162.20490684857901
row-20012,,40666.468592437144,10.0,east,web,148.89746101741667
row-20013,26.0,16496.069225793402,14.0,north,web,124.77400703184406
row-20014,36.0,47370.47937418217,17.0,east,web,186.08522695160093
row-20015,57.0,36461.823797188015,4.0,,web,127.05045521722167
row-20016,75.0,94138.25285932989,0.0,north,partner,241.9649060544552
row-20017,65.0,,5.0,west,web,140.9023504861887
row-20018,42.0,33086.542965433495,11.0,east,partner,142.8348417568385
row-20019,32.0,73517.65308482887,9.0,south,web,174.94282710474235
row-20020,73.0,56975.89991632176,1.0,east,web,177.77699486457954
row-20021,34.0,25786.101864330092,10.0,east,partner,139.36794209748348
row-20022,38.0,37951.57636542066,3.0,east,web,121.8763520198905
row-20023,73.0,34573.39482931638,9.0,south,web,143.37282222662276
row-20024,51.0,38887.24035290459,10.0,west,partner,143.91731853821236
row-20025,34.0,25759.382711965914,11.0,west,web,135.93100207434557
row-20026,19.0,33272.464129102744,7.0,north,web,123.7723182550051
row-20027,43.0,17655.771434799346,7.0,east,partner,113.20418372976529
row-20028,75.0,36561.52912533254,12.0,north,web,180.32281310025513
row-20029,,41731.381671940966,13.0,south,web,145.68611235908978
row-20030,58.0,31397.509287296678,14.0,west,web,154.65020940464396
row-20031,33.0,17530.169130941456,6.0,north,web,128.0029589365681
row-20032,63.0,52322.58447649627,7.0,south,web,176.1283731615642
row-20033,63.0,40259.46924638472,5.0,north,store,157.51863914503116
row-20034,53.0,25465.341733600886,9.0,east,web,141.43103132183313
row-20035,62.0,30703.987536651148,2.0,south,store,115.43532189631209
row-20036,51.0,18392.878871473313,7.0,east,web,107.65474483528641
row-20037,40.0,,3.0,west,web,129.83657642365242
row-20038,61.0,27559.958919160923,9.0,east,web,153.76058830524622
row-20039,66.0,57868.978406167786,15.0,east,store,216.32583336658698
row-20040,66.0,26407.638273463446,17.0,north,web,170.32240066565814
row-20041,31.0,45201.689205182054,8.0,north,web,154.53510366975917
row-20042,57.0,27554.11573237726,1.0,west,partner,123.87953247417278
row-20043,19.0,38335.74292281502,4.0,west,store,118.14408664565927
row-20044,51.0,32552.644517037756,1.0,east,web,124.17350447647732
row-20045,51.0,49845.51353485248,13.0,south,partner,157.33476756145154
row-20046,,27594.706448010085,17.0,north,web,161.48918603100924
row-20047,75.0,17846.061792575783,9.0,west,web,143.42216016351648
row-20048,69.0,19333.24451556268,3.0,west,web,111.11674875010493
row-20049,21.0,27628.730005920483,0.0,north,web,107.61441068061258
row-20050,30.0,20442.979715038724,17.0,east,web,134.78526143849393
row-20051,30.0,41039.44870274367,5.0,east,store,139.81021089674184
row-20052,70.0,28406.616454343148,2.0,south,web,129.51375317954776
row-20053,48.0,93651.40880055111,3.0,west,store,211.4158565073492
row-20054,60.0,16649.906337916433,4.0,north,partner,112.25614370572002
row-20055,65.0,37628.83542486096,11.0,south,store,151.6086164575113
row-20056,62.0,21509.709786152067,16.0,north,store,167.28845590191716
row-20057,24.0,28078.836919586895,4.0,east,store,104.72422805469854
row-20058,26.0,36658.33777831112,12.0,east,partner,137.12920340046318
row-20059,41.0,13008.31467727995,1.0,west,web,72.86301962244747
row-20060,38.0,38157.093978188306,0.0,east,web,136.10417384913904
row-20061,61.0,76820.0639338752,0.0,north,web,210.71009139078996
row-20062,27.0,28554.102918396333,16.0,south,web,132.52042624651784
row-20063,40.0,38527.182105082895,10.0,north,web,163.56485086508067
row-20064,32.0,53128.410994066115,14.0,east,store,179.72957502190297
row-20065,29.0,32245.685489043386,0.0,east,web,106.95822624730837
row-20066,,,0.0,west,partner,117.85365127114459
row-20067,30.0,13282.341303122561,15.0,south,web,100.93056140253897
row-20068,,45216.4438723511,1.0,south,web,147.16785108943165
row-20069,,32940.8651535239,2.0,north,web,136.60268194938192
row-20070,43.0,22576.679735763908,9.0,south,web,109.31841651418581
row-20071,46.0,36430.8280018893,10.0,south,web,141.1047194219979
row-20072,61.0,27034.098352510253,4.0,west,web,120.77506510377113
row-20073,68.0,27668.80889164206,8.0,west,web,153.83476036758768
row-20074,49.0,44562.246369198045,12.0,north,web,172.3158858831471
row-20075,55.0,19690.26021709637,7.0,south,web,115.34298835400182
row-20076,61.0,53630.45736792223,6.0,east,web,185.00752946008527
row-20077,58.0,19205.880967195786,1.0,south,web,101.50220126022863
row-20078,26.0,26151.593603346173,8.0,north,web,124.28868034775674
row-20079,75.0,77469.33049801257,14.0,west,web,237.37961034101093
row-20080,28.0,55463.97555521744,11.0,east,web,168.80087565461642
row-20081,42.0,35989.901955276095,16.0,east,web,157.74796351042164
row-20082,,23271.327665678065,2.0,south,store,95.06060749012917
row-20083,41.0,,0.0,west,partner,126.55713261555655
row-20084,32.0,35624.027969284514,9.0,north,partner,143.67628552513068
row-20085,71.0,35093.09819796479,3.0,south,web,131.03907341126776
row-20086,23.0,33250.80344518735,10.0,west,web,121.36212198975046
row-20087,33.0,34099.92091581618,16.0,west,web,155.35247613860483
row-20088,75.0,31569.99597077841,6.0,south,store,145.98424038831897
row-20089,60.0,18851.89900987223,9.0,east,store,135.80015276243412
row-20090,23.0,27807.623488550573,12.0,north,store,131.8087868404573
row-20091,,,2.0,north,partner,139.81353729121062
row-20092,,19444.112325652186,16.0,south,web,121.56124061382373
row-20093,24.0,31900.810154827508,3.0,west,store,105.03391701282084
row-20094,42.0,24482.24279607218,14.0,east,store,146.51199560585047
row-20095,45.0,36198.29076806015,11.0,south,web,145.31737990452368
row-20096,26.0,,2.0,south,partner,95.62663107834437
row-20097,30.0,64247.965654381565,13.0,north,web,189.5832633112123
row-20098,28.0,42734.632017327815,3.0,south,partner,118.66286309568558
row-20099,29.0,19911.29963412346,10.0,north,store,133.24987607387175
row-20100,42.0,45794.33923057438,17.0,north,web,172.4825526945786
row-20101,45.0,24950.427127453204,17.0,east,store,151.67397126817335
row-20102,32.0,27110.0970954176,15.0,north,web,136.43284232211437
row-20103,35.0,39411.14756717414,8.0,north,store,145.3764043960824
row-20104,29.0,28098.34856633051,10.0,east,store,123.89652392304608
row-20105,64.0,50261.740622300174,5.0,south,store,156.24905252939203
row-20106,31.0,24951.913064307733,16.0,south,partner,120.79129801884713
row-20107,70.0,26636.625545311465,8.0,north,web,155.20538774060176
row-20108,49.0,26221.218403328745,13.0,,web,136.08503863857908
row-20109,64.0,27239.726659614716,6.0,south,web,116.822388295443
row-20110,,54811.782192014514,13.0,east,web,190.37676057568117
row-20111,34.0,44985.452707255776,4.0,south,web,133.14828423092584
row-20112,,70839.81360520837,13.0,east,web,214.8619405779712
row-20113,34.0,89537.29896301813,0.0,east,web,187.32080697067863
row-20114,25.0,22406.331330496927,1.0,south,web,82.60192406383445
row-20115,33.0,35581.31905537666,6.0,south,partner,122.60383057371345
row-20116,,21078.226495200535,8.0,south,web,102.09892526372371
row-20117,26.0,24919.490078330047,12.0,north,partner,131.44344785476997
row-20118,20.0,26512.33421307513,6.0,east,web,107.35463480244013
row-20119,72.0,22158.910020742765,0.0,east,web,136.533419641092
row-20120,,22207.988497949766,5.0,south,web,117.28345500601267
row-20121,,32513.171431172766,7.0,south,web,112.41926239344774
row-20122,72.0,20722.560485170492,9.0,south,web,147.54132976785166
row-20123,31.0,49202.185530125025,11.0,east,web,155.49669824711427
row-20124,41.0,,4.0,west,web,132.66471306029197
row-20125,67.0,112422.45425481554,10.0,north,web,293.32716724826946
row-20126,55.0,28578.74476856071,11.0,south,store,127.79828556494842
row-20127,41.0,35605.21552444436,13.0,north,web,163.76069784354024
row-20128,33.0,20049.44401698926,9.0,south,store,101.02142981562143
row-20129,21.0,,14.0,,web,139.68031003242675
row-20130,23.0,55281.317199653495,3.0,south,partner,134.83668191614464
row-20131,28.0,39132.34593356849,12.0,south,store,142.47289529794446
row-20132,,19620.749427547733,0.0,south,partner,88.45892094334404
row-20133,55.0,37740.16113964469,1.0,south,store,123.33512322348287
row-20134,43.0,21568.710611754974,15.0,west,web,141.1255155490327
row-20135,63.0,63843.44608268846,8.0,west,web,198.1279408780429
row-20136,28.0,48526.3286007159,11.0,north,web,170.91218666132005
row-20137,31.0,35957.19190619817,10.0,south,store,121.98368115348705
row-20138,41.0,12415.76383767298,12.0,west,store,103.80680628672015
row-20139,71.0,22855.916462674813,4.0,east,web,129.60981969124327
row-20140,54.0,46113.43763191908,3.0,north,partner,156.82440674811448
row-20141,67.0,57492.57859392523,0.0,,web,173.64226277145823
row-20142,33.0,55041.973121365845,15.0,north,store,195.49484803410715
row-20143,67.0,17700.612793398566,4.0,north,store,128.965007163371
row-20144,23.0,39208.62271706706,10.0,east,web,148.92936720737106
row-20145,31.0,52918.929581789016,8.0,east,store,169.85768012903944
row-20146,48.0,17214.357663228875,2.0,west,store,100.92532890964708
row-20147,21.0,,7.0,south,web,105.24675759919872
row-20148,67.0,38754.95150101337,1.0,west,web,153.46006379756884
row-20149,68.0,30445.055358854363,3.0,south,web,127.04046158108268
row-20150,49.0,,2.0,east,store,132.48315637501682
row-20151,36.0,30127.895843830673,14.0,north,web,148.61460858650003
row-20152,24.0,30107.564133807973,10.0,north,partner,126.73281391663156
row-20153,54.0,32461.485047202812,16.0,west,partner,149.61175155859718
row-20154,,27264.533607844136,7.0,west,web,128.62687867666722
row-20155,,28679.414960496902,3.0,west,web,111.235315063469
row-20156,53.0,33973.06763832213,10.0,south,store,160.47632006046095
row-20157,26.0,,16.0,north,store,148.49748492171264
row-20158,,30398.26336466447,9.0,west,web,124.89571772212713
row-20159,63.0,29084.115647389666,0.0,east,web,131.2971444803786
row-20160,,35910.6323392539,5.0,,web,143.0711428616519
row-20161,72.0,,16.0,west,partner,176.75212759860256
row-20162,25.0,42207.56517196575,9.0,west,web,141.41704469925955
row-20163,60.0,34536.20590331483,17.0,south,partner,148.69947693276129
row-20164,,35125.10096818451,9.0,west,web,136.0450706324344
row-20165,44.0,51715.271782575524,0.0,west,partner,135.8575975699003
row-20166,22.0,15211.659381753585,15.0,east,web,100.9521681229952
row-20167,68.0,15077.9663442466,13.0,east,web,142.23581115453712
row-20168,29.0,38754.32397608811,12.0,south,partner,118.53169261285913
row-20169,49.0,34441.27300528845,17.0,west,partner,152.50653774532054
row-20170,75.0,37103.78689917907,3.0,west,web,146.59532379067468
row-20171,61.0,,16.0,west,web,162.78099914834246
row-20172,21.0,45662.311509115694,4.0,east,web,135.568326779123
row-20173,65.0,51108.61301066343,17.0,north,web,212.10198085931253
row-20174,28.0,42330.898673097305,3.0,south,web,123.55293923119415
row-20175,61.0,,9.0,south,partner,149.06668612898872
row-20176,54.0,14253.680844256573,14.0,west,web,135.76621079191452
row-20177,35.0,47718.72738010343,1.0,east,store,138.4646622700918
row-20178,43.0,57706.554360325965,1.0,east,web,161.18409984620564
row-20179,25.0,45284.24837596151,15.0,north,web,172.0069684773766
